{
  "project_info": {
    "project_number": "731242027225",
    "project_id": "shopflowdealer",
    "storage_bucket": "shopflowdealer.appspot.com"
  },
  "client": [
    {
      "client_info": {
        "mobilesdk_app_id": "1:731242027225:android:19a08b3a0f565faa74c6c8",
        "android_client_info": {
          "package_name": "com.example.shopflowmainadminapp"
        }
      },
      "oauth_client": [],
      "api_key": [
        {
          "current_key": "AIzaSyAILfHe1JYNT1xsWBFdKCUyxWIZXrf6MUw"
        }
      ],
      "services": {
        "appinvite_service": {
          "other_platform_oauth_client": []
        }
      }
    }
  ],
  "configuration_version": "1"
}